"user_id","location","timestamp","time","diff"
"alice","Russia","2025-09-26 22:30:21","1758906036810","1"
"charlie","USA","2025-09-24 22:21:35","1758906036810","1"
"dave","USA","2025-09-24 22:21:31","1758906036810","1"
"alice","Russia","2025-09-26 22:30:27","1758906036810","1"
"charlie","Russia","2025-09-24 22:16:31","1758906036810","1"
"bob","Delhi","2025-09-24 22:16:33","1758906036810","1"
"dave","USA","2025-09-24 22:20:35","1758906036810","1"
"bob","Mumbai","2025-09-24 22:20:25","1758906036810","1"
"alice","Delhi","2025-09-26 22:30:17","1758906036810","1"
"charlie","Russia","2025-09-24 22:21:13","1758906036810","1"
"alice","Delhi","2025-09-24 22:17:43","1758906036810","1"
"dave","Russia","2025-09-24 22:20:15","1758906036810","1"
"alice","Delhi","2025-09-24 22:19:01","1758906036810","1"
"dave","Russia","2025-09-24 22:21:01","1758906036810","1"
"charlie","Russia","2025-09-24 22:21:37","1758906036810","1"
"bob","Mumbai","2025-09-24 22:16:19","1758906036810","1"
"alice","USA","2025-09-24 22:22:43","1758906036810","1"
"alice","Mumbai","2025-09-24 22:22:13","1758906036810","1"
"alice","Delhi","2025-09-26 22:29:57","1758906036810","1"
"dave","Mumbai","2025-09-24 22:16:55","1758906036810","1"
"charlie","USA","2025-09-24 22:21:03","1758906036810","1"
"charlie","Mumbai","2025-09-24 22:16:37","1758906036810","1"
"charlie","Delhi","2025-09-26 22:29:55","1758906036810","1"
"charlie","USA","2025-09-24 22:20:53","1758906036810","1"
"charlie","Russia","2025-09-24 22:20:03","1758906036810","1"
"dave","USA","2025-09-24 22:19:29","1758906036810","1"
"alice","Mumbai","2025-09-24 22:22:29","1758906036810","1"
"dave","Russia","2025-09-24 22:21:05","1758906036810","1"
"alice","Delhi","2025-09-24 22:20:27","1758906036810","1"
"dave","Mumbai","2025-09-24 22:17:01","1758906036810","1"
"bob","USA","2025-09-24 22:20:17","1758906036810","1"
"bob","Russia","2025-09-24 22:16:25","1758906036810","1"
"bob","Mumbai","2025-09-24 22:16:21","1758906036810","1"
"charlie","USA","2025-09-26 22:29:59","1758906036810","1"
"alice","Mumbai","2025-09-24 22:19:33","1758906036810","1"
"bob","Russia","2025-09-24 22:17:25","1758906036810","1"
"alice","USA","2025-09-26 22:30:03","1758906036810","1"
"charlie","Mumbai","2025-09-24 22:18:41","1758906036810","1"
"alice","Delhi","2025-09-24 22:16:29","1758906036810","1"
"charlie","USA","2025-09-24 22:18:07","1758906036810","1"
"dave","Russia","2025-09-24 22:18:31","1758906036810","1"
"alice","USA","2025-09-24 22:18:23","1758906036810","1"
"dave","USA","2025-09-24 22:20:43","1758906036810","1"
"alice","Delhi","2025-09-24 22:17:23","1758906036810","1"
"charlie","Russia","2025-09-24 22:16:27","1758906036810","1"
"dave","Mumbai","2025-09-24 22:19:49","1758906036810","1"
"bob","USA","2025-09-24 22:19:17","1758906036810","1"
"bob","Mumbai","2025-09-24 22:15:59","1758906036810","1"
"alice","Mumbai","2025-09-24 22:22:45","1758906036810","1"
"dave","USA","2025-09-24 22:22:03","1758906036810","1"
"charlie","USA","2025-09-24 22:21:19","1758906036810","1"
"bob","Delhi","2025-09-24 22:18:33","1758906036810","1"
"bob","Delhi","2025-09-24 22:20:23","1758906036810","1"
"charlie","USA","2025-09-26 22:30:33","1758906036810","1"
"bob","Mumbai","2025-09-24 22:19:53","1758906036810","1"
"alice","Russia","2025-09-24 22:18:35","1758906036810","1"
"charlie","Mumbai","2025-09-24 22:19:15","1758906036810","1"
"alice","Russia","2025-09-24 22:18:53","1758906036810","1"
"dave","Delhi","2025-09-24 22:17:19","1758906036810","1"
"charlie","USA","2025-09-26 22:30:05","1758906036810","1"
"bob","Russia","2025-09-24 22:19:25","1758906036810","1"
"alice","Russia","2025-09-24 22:17:29","1758906036810","1"
"dave","Delhi","2025-09-24 22:18:09","1758906036810","1"
"bob","USA","2025-09-24 22:18:29","1758906036810","1"
"bob","Russia","2025-09-24 22:19:31","1758906036810","1"
"charlie","Delhi","2025-09-24 22:17:59","1758906036810","1"
"bob","USA","2025-09-24 22:22:41","1758906036810","1"
"bob","USA","2025-09-24 22:18:27","1758906036810","1"
"bob","Russia","2025-09-26 22:30:31","1758906036810","1"
"alice","Delhi","2025-09-24 22:20:41","1758906036810","1"
"charlie","USA","2025-09-24 22:17:55","1758906036810","1"
"bob","Mumbai","2025-09-24 22:18:55","1758906036810","1"
"dave","Russia","2025-09-24 22:17:45","1758906036810","1"
"dave","Mumbai","2025-09-24 22:19:45","1758906036810","1"
"charlie","USA","2025-09-24 22:17:09","1758906036810","1"
"dave","Mumbai","2025-09-24 22:16:47","1758906036810","1"
"dave","Mumbai","2025-09-24 22:20:33","1758906036810","1"
"dave","Russia","2025-09-24 22:16:35","1758906036810","1"
"bob","Russia","2025-09-24 22:22:15","1758906036810","1"
"bob","Delhi","2025-09-24 22:21:57","1758906036810","1"
"bob","Russia","2025-09-24 22:20:19","1758906036810","1"
"bob","Mumbai","2025-09-24 22:16:23","1758906036810","1"
"dave","Russia","2025-09-24 22:22:35","1758906036810","1"
"alice","USA","2025-09-24 22:17:53","1758906036810","1"
"bob","USA","2025-09-24 22:17:05","1758906036810","1"
"bob","Delhi","2025-09-24 22:18:49","1758906036810","1"
"bob","Russia","2025-09-24 22:21:43","1758906036810","1"
"charlie","Mumbai","2025-09-24 22:17:03","1758906036810","1"
"dave","Mumbai","2025-09-24 22:20:57","1758906036810","1"
"bob","Delhi","2025-09-24 22:16:13","1758906036810","1"
"dave","Delhi","2025-09-24 22:18:37","1758906036810","1"
"charlie","Russia","2025-09-24 22:18:21","1758906036810","1"
"alice","USA","2025-09-24 22:16:03","1758906036810","1"
"dave","USA","2025-09-26 22:30:23","1758906036810","1"
"dave","USA","2025-09-24 22:16:05","1758906036810","1"
"dave","Russia","2025-09-24 22:16:17","1758906036810","1"
"bob","USA","2025-09-24 22:18:15","1758906036810","1"
"dave","Mumbai","2025-09-24 22:18:47","1758906036810","1"
"charlie","Delhi","2025-09-24 22:19:35","1758906036810","1"
"alice","USA","2025-09-24 22:21:11","1758906036810","1"
"dave","Russia","2025-09-24 22:17:47","1758906036810","1"
"alice","Mumbai","2025-09-24 22:19:21","1758906036810","1"
"bob","USA","2025-09-24 22:20:55","1758906036810","1"
"bob","USA","2025-09-24 22:18:39","1758906036810","1"
"charlie","USA","2025-09-24 22:18:45","1758906036810","1"
"charlie","Mumbai","2025-09-24 22:18:17","1758906036810","1"
"bob","Delhi","2025-09-24 22:21:21","1758906036810","1"
"dave","Delhi","2025-09-26 22:30:39","1758906038302","1"
"alice","USA","2025-09-26 22:30:41","1758906041302","1"
"dave","Mumbai","2025-09-26 22:30:43","1758906042802","1"
"dave","Russia","2025-09-26 22:30:49","1758906048802","1"
"alice","USA","2025-09-26 22:30:51","1758906050302","1"
"bob","Russia","2025-09-26 22:30:55","1758906054802","1"
"charlie","Delhi","2025-09-26 22:30:59","1758906059302","1"
"bob","Mumbai","2025-09-26 22:31:01","1758906060802","1"
"alice","Russia","2025-09-26 22:31:05","1758906065302","1"
"alice","Russia","2025-09-26 22:31:07","1758906066802","1"
"bob","Delhi","2025-09-26 22:31:11","1758906071302","1"
"dave","USA","2025-09-26 22:31:13","1758906072802","1"
"alice","Russia","2025-09-26 22:31:15","1758906074302","1"
"dave","Russia","2025-09-26 22:31:21","1758906080302","1"
"bob","USA","2025-09-26 22:31:25","1758906084802","1"
"alice","Delhi","2025-09-26 22:31:27","1758906086302","1"
"dave","USA","2025-09-26 22:31:31","1758906090802","1"
"dave","Delhi","2025-09-26 22:31:47","1758906107302","1"
"dave","Delhi","2025-09-26 22:31:49","1758906108802","1"
"charlie","Mumbai","2025-09-26 22:31:53","1758906113302","1"
"charlie","Mumbai","2025-09-26 22:32:01","1758906120802","1"
"alice","USA","2025-09-26 22:32:05","1758906125302","1"
"alice","USA","2025-09-26 22:32:11","1758906131302","1"
"dave","USA","2025-09-26 22:32:15","1758906134302","1"
"alice","Delhi","2025-09-26 22:32:17","1758906137302","1"
"dave","Mumbai","2025-09-26 22:32:19","1758906138802","1"
"bob","Mumbai","2025-09-26 22:32:21","1758906140302","1"
"dave","USA","2025-09-26 22:32:25","1758906144802","1"
"bob","USA","2025-09-26 22:32:31","1758906150802","1"
"alice","Delhi","2025-09-26 22:32:39","1758906158302","1"
"alice","Mumbai","2025-09-26 22:32:41","1758906161302","1"
"dave","Russia","2025-09-26 22:32:43","1758906162802","1"
"dave","Mumbai","2025-09-26 22:32:47","1758906167302","1"
"alice","Delhi","2025-09-26 22:32:51","1758906170302","1"
"dave","USA","2025-09-26 22:33:01","1758906180802","1"
"alice","Russia","2025-09-26 22:33:03","1758906182302","1"
"charlie","USA","2025-09-26 22:33:07","1758906186802","1"
"alice","Delhi","2025-09-26 22:33:09","1758906188302","1"
"dave","Russia","2025-09-26 22:33:11","1758906189802","1"
"alice","USA","2025-09-26 22:33:15","1758906194302","1"
"charlie","Russia","2025-09-26 22:33:17","1758906195802","1"
"charlie","USA","2025-09-26 22:33:19","1758906198802","1"
"charlie","Russia","2025-09-26 22:33:21","1758906200302","1"
"dave","USA","2025-09-26 22:33:23","1758906201802","1"
"alice","Russia","2025-09-26 22:33:25","1758906204802","1"
"alice","Russia","2025-09-26 22:33:29","1758906207802","1"
"bob","USA","2025-09-26 22:33:31","1758906210802","1"
"charlie","Russia","2025-09-26 22:33:33","1758906212302","1"
"bob","Mumbai","2025-09-26 22:33:37","1758906216802","1"
"bob","Mumbai","2025-09-26 22:33:39","1758906218302","1"
"dave","Russia","2025-09-26 22:33:43","1758906222802","1"
"bob","Russia","2025-09-26 22:33:49","1758906228802","1"
"dave","Delhi","2025-09-26 22:33:53","1758906231802","1"
"bob","Russia","2025-09-26 22:33:55","1758906234802","1"
"bob","Delhi","2025-09-26 22:33:59","1758906237802","1"
"charlie","USA","2025-09-26 22:34:03","1758906242302","1"
"bob","USA","2025-09-26 22:34:05","1758906243802","1"
"bob","Delhi","2025-09-26 22:34:07","1758906246802","1"
"dave","Russia","2025-09-26 22:34:13","1758906252802","1"
"bob","USA","2025-09-26 22:34:19","1758906258802","1"
"alice","Delhi","2025-09-26 22:34:21","1758906260302","1"
"bob","USA","2025-09-26 22:34:23","1758906261802","1"
"alice","Mumbai","2025-09-26 22:34:27","1758906266302","1"
"charlie","USA","2025-09-26 22:34:29","1758906267802","1"
"dave","USA","2025-09-26 22:34:35","1758906273802","1"
"alice","Mumbai","2025-09-26 22:34:39","1758906278302","1"
"bob","Mumbai","2025-09-26 22:34:43","1758906282802","1"
"bob","Delhi","2025-09-26 22:34:45","1758906284302","1"
"bob","USA","2025-09-26 22:34:53","1758906291802","1"
"alice","Russia","2025-09-26 22:34:57","1758906296302","1"
"dave","Mumbai","2025-09-26 22:34:59","1758906297802","1"
"alice","USA","2025-09-26 22:35:03","1758906302302","1"
"dave","Mumbai","2025-09-26 22:35:07","1758906306802","1"
"alice","Mumbai","2025-09-26 22:35:17","1758906315802","1"
"bob","Mumbai","2025-09-26 22:35:19","1758906318802","1"
"dave","Russia","2025-09-26 22:35:21","1758906320302","1"
"alice","Mumbai","2025-09-26 22:35:25","1758906324802","1"
"alice","Delhi","2025-09-26 22:35:27","1758906326302","1"
"dave","USA","2025-09-26 22:35:33","1758906332302","1"
"charlie","USA","2025-09-26 22:35:35","1758906335302","1"
"dave","Mumbai","2025-09-26 22:35:37","1758906336802","1"
"charlie","USA","2025-09-26 22:35:41","1758906341302","1"
"alice","USA","2025-09-26 22:35:43","1758906342802","1"
"alice","Mumbai","2025-09-26 22:35:45","1758906344302","1"
"charlie","Delhi","2025-09-26 22:35:49","1758906348802","1"
"dave","USA","2025-09-26 22:35:59","1758906359302","1"
"charlie","Delhi","2025-09-26 22:36:03","1758906362302","1"
"bob","Mumbai","2025-09-26 22:36:05","1758906365302","1"
"dave","Russia","2025-09-26 22:36:11","1758906371302","1"
"bob","Mumbai","2025-09-26 22:36:13","1758906372802","1"
"charlie","Mumbai","2025-09-26 22:36:15","1758906374302","1"
"alice","Mumbai","2025-09-26 22:36:21","1758906380302","1"
"bob","Mumbai","2025-09-26 22:36:23","1758906383302","1"
"charlie","Delhi","2025-09-26 22:36:27","1758906386302","1"
"alice","USA","2025-09-26 22:36:33","1758906392302","1"
"charlie","USA","2025-09-26 22:36:37","1758906396802","1"
"charlie","Mumbai","2025-09-26 22:36:41","1758906401302","1"
"charlie","Mumbai","2025-09-26 22:36:49","1758906408802","1"
"bob","Mumbai","2025-09-26 22:36:53","1758906413302","1"
"alice","Mumbai","2025-09-26 22:36:59","1758906419302","1"
"bob","USA","2025-09-26 22:37:03","1758906422302","1"
"dave","Russia","2025-09-26 22:37:05","1758906425302","1"
"alice","USA","2025-09-26 22:37:07","1758906426802","1"
"dave","Russia","2025-09-26 22:37:09","1758906428302","1"
"charlie","USA","2025-09-26 22:37:11","1758906431302","1"
"alice","Delhi","2025-09-26 22:37:15","1758906434302","1"
"alice","Delhi","2025-09-26 22:37:19","1758906438802","1"
"dave","Mumbai","2025-09-26 22:37:21","1758906440302","1"
"bob","Delhi","2025-09-26 22:37:29","1758906449302","1"
"charlie","USA","2025-09-26 22:37:31","1758906450802","1"
"dave","USA","2025-09-26 22:37:33","1758906452302","1"
"charlie","USA","2025-09-26 22:37:41","1758906461302","1"
"alice","Russia","2025-09-26 22:37:43","1758906462802","1"
"charlie","Mumbai","2025-09-26 22:37:45","1758906464302","1"
"alice","Russia","2025-09-26 22:37:47","1758906467302","1"
"dave","Delhi","2025-09-26 22:37:51","1758906470302","1"
"dave","USA","2025-09-26 22:37:55","1758906474802","1"
"charlie","Mumbai","2025-09-26 22:37:57","1758906476302","1"
"alice","Delhi","2025-09-26 22:37:59","1758906479302","1"
"bob","Mumbai","2025-09-26 22:38:05","1758906485302","1"
"dave","USA","2025-09-26 22:38:11","1758906491302","1"
"dave","Mumbai","2025-09-26 22:38:15","1758906494302","1"
"bob","Delhi","2025-09-26 22:38:17","1758906497302","1"
"charlie","USA","2025-09-26 22:38:19","1758906498802","1"
"dave","USA","2025-09-26 22:38:21","1758906500302","1"
"charlie","Russia","2025-09-26 22:38:23","1758906503302","1"
"dave","Russia","2025-09-26 22:38:25","1758906504802","1"
"bob","USA","2025-09-26 22:38:29","1758906509302","1"
"alice","Russia","2025-09-26 22:38:31","1758906510802","1"
"dave","USA","2025-09-26 22:38:33","1758906512302","1"
"charlie","Russia","2025-09-26 22:38:41","1758906521302","1"
"dave","Russia","2025-09-26 22:38:49","1758906528802","1"
"dave","Mumbai","2025-09-26 22:38:51","1758906530302","1"
"dave","Russia","2025-09-26 22:38:53","1758906531802","1"
"bob","Mumbai","2025-09-26 22:39:01","1758906540802","1"
"alice","Mumbai","2025-09-26 22:39:05","1758906543802","1"
"dave","Russia","2025-09-26 22:39:07","1758906546802","1"
"bob","USA","2025-09-26 22:39:11","1758906549802","1"
"charlie","Russia","2025-09-26 22:39:21","1758906560302","1"
"alice","USA","2025-09-26 22:39:23","1758906561802","1"
"dave","Mumbai","2025-09-26 22:39:27","1758906566302","1"
"bob","Mumbai","2025-09-26 22:39:29","1758906567802","1"
"charlie","Russia","2025-09-26 22:39:33","1758906572302","1"
"alice","Mumbai","2025-09-26 22:39:35","1758906573802","1"
"alice","Russia","2025-09-26 22:39:39","1758906578302","1"
"alice","Russia","2025-09-26 22:39:41","1758906579802","1"
"dave","Delhi","2025-09-26 22:39:43","1758906582802","1"
"bob","Mumbai","2025-09-26 22:39:49","1758906588802","1"
"alice","USA","2025-09-26 22:39:55","1758906594802","1"
"charlie","Russia","2025-09-26 22:40:05","1758906603802","1"
"bob","Mumbai","2025-09-26 22:40:09","1758906608302","1"
"charlie","USA","2025-09-26 22:40:21","1758906620302","1"
"bob","Mumbai","2025-09-26 22:40:23","1758906621802","1"
"charlie","Mumbai","2025-09-26 22:40:25","1758906624802","1"
"dave","Russia","2025-09-26 22:40:45","1758906644302","1"
"charlie","Russia","2025-09-26 22:40:57","1758906656302","1"
"bob","Russia","2025-09-26 22:40:59","1758906659302","1"
"dave","Russia","2025-09-26 22:41:01","1758906660802","1"
"charlie","Delhi","2025-09-26 22:41:09","1758906668302","1"
"bob","USA","2025-09-26 22:41:21","1758906680302","1"
"charlie","Russia","2025-09-26 22:41:25","1758906684802","1"
"charlie","Delhi","2025-09-26 22:41:27","1758906686302","1"
"bob","Russia","2025-09-26 22:41:29","1758906689302","1"
"dave","Delhi","2025-09-26 22:41:31","1758906690802","1"
"bob","Mumbai","2025-09-26 22:41:33","1758906692302","1"
"charlie","Mumbai","2025-09-26 22:41:39","1758906698302","1"
"dave","Russia","2025-09-26 22:41:41","1758906701302","1"
"dave","Delhi","2025-09-26 22:41:43","1758906702802","1"
"alice","USA","2025-09-26 22:41:45","1758906704302","1"
"bob","Russia","2025-09-26 22:41:47","1758906707302","1"
"bob","Mumbai","2025-09-26 22:41:49","1758906708802","1"
"charlie","USA","2025-09-26 22:41:51","1758906710302","1"
"alice","Delhi","2025-09-26 22:41:55","1758906714802","1"
"bob","Mumbai","2025-09-26 22:41:57","1758906716302","1"
"alice","Russia","2025-09-26 22:42:03","1758906722302","1"
"dave","Delhi","2025-09-26 22:42:05","1758906725302","1"
"charlie","USA","2025-09-26 22:42:19","1758906738802","1"
"bob","Delhi","2025-09-26 22:42:21","1758906740302","1"
"dave","Delhi","2025-09-26 22:42:23","1758906743302","1"
"dave","USA","2025-09-26 22:42:27","1758906746302","1"
"alice","USA","2025-09-26 22:42:29","1758906749302","1"
"bob","Delhi","2025-09-26 22:42:33","1758906752302","1"
"charlie","Mumbai","2025-09-26 22:42:35","1758906755302","1"
"bob","Mumbai","2025-09-26 22:42:39","1758906758302","1"
"charlie","USA","2025-09-26 22:42:41","1758906761302","1"
"charlie","Delhi","2025-09-26 22:42:43","1758906762802","1"
"alice","Russia","2025-09-26 22:42:49","1758906768802","1"
"dave","Delhi","2025-09-26 22:42:51","1758906770302","1"
"dave","Mumbai","2025-09-26 22:42:53","1758906773302","1"
"alice","USA","2025-09-26 22:42:55","1758906774802","1"
"bob","Mumbai","2025-09-26 22:42:59","1758906779302","1"
"bob","Russia","2025-09-26 22:43:01","1758906780802","1"
"charlie","Mumbai","2025-09-26 22:43:05","1758906785302","1"
"alice","USA","2025-09-26 22:43:07","1758906786802","1"
"charlie","Mumbai","2025-09-26 22:43:17","1758906797302","1"
"alice","Russia","2025-09-26 22:43:23","1758906803302","1"
"alice","USA","2025-09-26 22:43:27","1758906806302","1"
"dave","USA","2025-09-26 22:43:29","1758906809302","1"
"bob","Russia","2025-09-26 22:43:33","1758906812302","1"
"dave","Delhi","2025-09-26 22:43:45","1758906824302","1"
"dave","Russia","2025-09-26 22:43:47","1758906825802","1"
"dave","USA","2025-09-26 22:43:53","1758906831802","1"
"alice","Delhi","2025-09-26 22:43:57","1758906836302","1"
"charlie","USA","2025-09-26 22:44:01","1758906840802","1"
"charlie","Delhi","2025-09-26 22:44:05","1758906843802","1"
"bob","Russia","2025-09-26 22:44:07","1758906846802","1"
"dave","Delhi","2025-09-26 22:44:15","1758906854302","1"
"alice","Delhi","2025-09-26 22:44:19","1758906858802","1"
"dave","Delhi","2025-09-26 22:44:21","1758906860302","1"
"alice","Russia","2025-09-26 22:44:23","1758906861802","1"
"alice","Russia","2025-09-26 22:44:25","1758906864802","1"
"alice","Russia","2025-09-26 22:44:27","1758906866302","1"
"dave","Delhi","2025-09-26 22:44:31","1758906870802","1"
"charlie","Delhi","2025-09-26 22:44:35","1758906875302","1"
"dave","Mumbai","2025-09-26 22:44:39","1758906878302","1"
"dave","Mumbai","2025-09-26 22:44:41","1758906881302","1"
"dave","Delhi","2025-09-26 22:44:43","1758906882802","1"
"charlie","Russia","2025-09-26 22:44:49","1758906888802","1"
"charlie","Russia","2025-09-26 22:44:53","1758906893302","1"
"charlie","Russia","2025-09-26 22:44:57","1758906896302","1"
"bob","Mumbai","2025-09-26 22:45:03","1758906902302","1"
"alice","USA","2025-09-26 22:45:05","1758906905302","1"
"charlie","USA","2025-09-26 22:45:07","1758906906802","1"
"alice","USA","2025-09-26 22:45:13","1758906912802","1"
"alice","Mumbai","2025-09-26 22:45:15","1758906914302","1"
"alice","Mumbai","2025-09-26 22:45:17","1758906917302","1"
"alice","Delhi","2025-09-26 22:45:19","1758906918802","1"
"bob","Delhi","2025-09-26 22:45:21","1758906920302","1"
"charlie","Mumbai","2025-09-26 22:45:33","1758906932302","1"
"charlie","Delhi","2025-09-26 22:45:45","1758906944302","1"
"charlie","USA","2025-09-26 22:45:47","1758906947302","1"
"dave","USA","2025-09-26 22:45:51","1758906950302","1"
"dave","Mumbai","2025-09-26 22:45:53","1758906953302","1"
"bob","Russia","2025-09-26 22:45:55","1758906954802","1"
"dave","Russia","2025-09-26 22:45:59","1758906959302","1"
"dave","Delhi","2025-09-26 22:46:09","1758906968302","1"
"bob","Delhi","2025-09-26 22:46:11","1758906971302","1"
"dave","Russia","2025-09-26 22:46:13","1758906972802","1"
"alice","Delhi","2025-09-26 22:46:17","1758906977302","1"
"bob","Delhi","2025-09-26 22:46:29","1758906989302","1"
"charlie","Mumbai","2025-09-26 22:46:31","1758906990802","1"
"alice","Delhi","2025-09-26 22:46:33","1758906992302","1"
"alice","USA","2025-09-26 22:46:35","1758906995302","1"
"dave","Delhi","2025-09-26 22:46:41","1758907001302","1"
"dave","Russia","2025-09-26 22:46:45","1758907004302","1"
"bob","USA","2025-09-26 22:46:47","1758907005802","1"
"alice","Mumbai","2025-09-26 22:46:51","1758907010302","1"
"alice","Russia","2025-09-26 22:46:53","1758907011802","1"
"alice","Russia","2025-09-26 22:46:55","1758907014802","1"
"dave","Mumbai","2025-09-26 22:46:57","1758907016302","1"
"alice","Mumbai","2025-09-26 22:46:59","1758907017802","1"
"charlie","Russia","2025-09-26 22:47:03","1758907022302","1"
"charlie","Delhi","2025-09-26 22:47:05","1758907023802","1"
"bob","Mumbai","2025-09-26 22:47:07","1758907026802","1"
"bob","Delhi","2025-09-26 22:47:09","1758907028302","1"
"charlie","USA","2025-09-26 22:47:11","1758907029802","1"
"charlie","Delhi","2025-09-26 22:47:13","1758907032802","1"
"bob","USA","2025-09-26 22:47:17","1758907035802","1"
"charlie","Russia","2025-09-26 22:47:19","1758907038802","1"
"bob","USA","2025-09-26 22:47:23","1758907043302","1"
"bob","Mumbai","2025-09-26 22:47:27","1758907046302","1"
"bob","USA","2025-09-26 22:47:29","1758907049302","1"
"bob","Mumbai","2025-09-26 22:47:35","1758907055302","1"
"alice","USA","2025-09-26 22:47:41","1758907061302","1"
"alice","Delhi","2025-09-26 22:47:43","1758907062802","1"
"bob","Russia","2025-09-26 22:47:45","1758907064302","1"
"alice","Russia","2025-09-26 22:47:47","1758907067302","1"
"bob","Russia","2025-09-26 22:47:53","1758907073302","1"
"bob","Delhi","2025-09-26 22:47:59","1758907079302","1"
"alice","USA","2025-09-26 22:48:01","1758907080802","1"
"dave","USA","2025-09-26 22:48:05","1758907085302","1"
"dave","Mumbai","2025-09-26 22:48:07","1758907086802","1"
"alice","Mumbai","2025-09-26 22:48:15","1758907094302","1"
"alice","USA","2025-09-26 22:48:21","1758907100302","1"
"charlie","USA","2025-09-26 22:48:27","1758907106302","1"
"charlie","Russia","2025-09-26 22:48:31","1758907110802","1"
"alice","Delhi","2025-09-26 22:48:33","1758907112302","1"
"alice","USA","2025-09-26 22:48:43","1758907122802","1"
"bob","Mumbai","2025-09-26 22:48:49","1758907128802","1"
"alice","Mumbai","2025-09-26 22:48:51","1758907130302","1"
"charlie","Russia","2025-09-26 22:48:53","1758907133302","1"
"bob","Mumbai","2025-09-26 22:48:57","1758907136302","1"
"charlie","Delhi","2025-09-26 22:49:01","1758907140802","1"
"dave","USA","2025-09-26 22:49:03","1758907142302","1"
"alice","Delhi","2025-09-26 22:49:05","1758907145302","1"
"alice","Mumbai","2025-09-26 22:49:07","1758907146802","1"
"alice","USA","2025-09-26 22:49:09","1758907148302","1"
"charlie","Russia","2025-09-26 22:49:19","1758907158802","1"
"dave","Russia","2025-09-26 22:49:21","1758907160302","1"
"charlie","Russia","2025-09-26 22:49:23","1758907161802","1"
"charlie","USA","2025-09-26 22:49:27","1758907166302","1"
"dave","USA","2025-09-26 22:49:37","1758907176802","1"
"dave","Delhi","2025-09-26 22:49:39","1758907178302","1"
"alice","Mumbai","2025-09-26 22:49:45","1758907184302","1"
"bob","Delhi","2025-09-26 22:49:57","1758907196302","1"
"charlie","Russia","2025-09-26 22:49:59","1758907199302","1"
"alice","Russia","2025-09-26 22:50:01","1758907200802","1"
"charlie","Russia","2025-09-26 22:50:03","1758907202302","1"
"bob","Russia","2025-09-26 22:50:05","1758907205302","1"
"charlie","Mumbai","2025-09-26 22:50:07","1758907206802","1"
"bob","Mumbai","2025-09-26 22:50:09","1758907208302","1"
"charlie","Delhi","2025-09-26 22:50:11","1758907211302","1"
"charlie","Mumbai","2025-09-26 22:50:15","1758907214302","1"
"bob","Russia","2025-09-26 22:50:21","1758907220302","1"
"dave","Mumbai","2025-09-26 22:50:23","1758907223302","1"
"bob","USA","2025-09-26 22:50:27","1758907226302","1"
"bob","Russia","2025-09-26 22:50:29","1758907229302","1"
"alice","Mumbai","2025-09-26 22:50:33","1758907232302","1"
"charlie","Russia","2025-09-26 22:50:35","1758907235302","1"
"alice","Delhi","2025-09-26 22:50:37","1758907236802","1"
"charlie","Delhi","2025-09-26 22:50:43","1758907242802","1"
"alice","Delhi","2025-09-26 22:50:45","1758907244302","1"
"bob","Mumbai","2025-09-26 22:50:47","1758907247302","1"
